Full Text Tweet;Datum und Uhrzeit
Wir machen keine Versprechungen ins Blaue hinaus, sondern planen einen Schritt nach dem anderen.////https://t.co/ACyQK2kUSV;18-Apr-2020 (10:23:56.000000)
Le Conseil fédéral a choisi une voie médiane et un processus par étapes. Son but: protéger tout d’abord la santé, mais aussi limiter les dégâts économiques.////https://t.co/Rxow5ZBEpN;17-Apr-2020 (19:53:57.000000)
Die Bevölkerung trägt unsere Massnahmen mit und sie wirken. Nun können wir die Einschränkungen lockern, das gibt uns eine Perspektive. #CoronaInfoCH https://t.co/euDkM21qx0;16-Apr-2020 (15:18:41.000000)
In der Krise kommen viele unserer Stärken besonders zur Geltung: Dazu gehört die gegenseitige Unterstützung, wir schenken Zeit und spenden Hilfe. #CoronaInfoCH #SwissSolidarity https://t.co/cVuP1KyR6j;16-Apr-2020 (08:26:53.000000)
Markus Raetz hat uns die Welt auf eine andere Weise sehen lassen, dafür sind wir ihm dankbar. Die Erinnerung gilt einem grossen Schweizer Künstler mit einem reichen Werk und meine Gedanken sind bei seinen Nächsten. https://t.co/C5EyhkYTIw;15-Apr-2020 (18:29:38.000000)
4 Wochen ausserordentliche Lage – Ich danke allen für die #Solidarität, etwa mit den Märitleuten. Einige erhalten meinen Dank als Karte im Gemüsekorb, dem Blumenstrauss oder dem bestellten Fleisch, z.B. die Kunden von Familie Wüstefeld, deren Hof ich besuchte. Schöne #Ostern! https://t.co/Q0RHWJsUrW;11-Apr-2020 (08:00:45.000000)
Der Austausch zwischen Regierung und Parlament – ein Grundelement unserer Demokratie. https://t.co/MIsb1HRB6C;09-Apr-2020 (13:51:11.000000)
Es ist ein Ruck durch die Schweiz gegangen – die Massnahmen zeigen Wirkung. Schrittweise Lockerungen sind noch vor Ende April möglich – unter Einhaltung der Distanz- und Hygieneregeln. #CoronaInfoCH https://t.co/Ghau52kZYv;08-Apr-2020 (14:51:38.000000)
La lutte contre le Covid-19, au @CHUVLausanne, et la situation dans les transports publics étaient au centre de ma visite à Lausanne. Je salue l’engagement sans faille que je découvre lors de ces rencontres : merci à toutes et à tous!  #CoronaInfoCh https://t.co/1Nyvoy88eD https://t.co/GyNSaiJ65L;07-Apr-2020 (14:29:08.000000)
Visite dans des #PME du Jura bernois. L’occasion d’échanger avec des entrepreneurs qui font front. Le but est de protéger les travailleurs, les emplois et le savoir-faire. @CEP_Jurabernois  @cantondeberne https://t.co/9wcx7qJCxJ https://t.co/gZvHihKol7;06-Apr-2020 (15:44:58.000000)
Habe mich heute in Basel ausgetauscht mit Vertreterinnen und Vertretern des Universitätsspitals, der Regierung und der Pharma-Industrie. Bin beeindruckt vom vielfältigen Engagement gegen die Corona-Pandemie. #CoronaInfoCH #Covid_19 https://t.co/4QFke0ELdX https://t.co/4cHIpYJDAY;06-Apr-2020 (11:06:02.000000)
Versorgungssicherheit stärken dank mehr sauberem Strom aus der Schweiz. #EneuerbareEnergien//https://t.co/6eNnHRnPwV;03-Apr-2020 (14:04:32.000000)
In countries already affected by war, the pandemic is further exacerbating the situation. I therefore support the UN Secretary General in his call for a global unconditional ceasefire in all armed conflicts.//#G20VirtualSummit #covid19 https://t.co/M7XAnQ4fEG https://t.co/eC9lyFNVba;26-Mar-2020 (14:27:47.000000)
Ussa dependi da nus tuts! Mia brev a la Svizra: https://t.co/XtYikkIkFB https://t.co/1DiqUjK3RJ;21-Mar-2020 (07:37:47.000000)
Jetzt kommt es auf uns alle an! Mein Brief an die Schweiz: https://t.co/Co2qI6BDbr https://t.co/Rq53qYUToV;21-Mar-2020 (07:27:38.000000)
Désormais, nous sommes toutes et tous concernés ! Ma lettre à la Suisse: https://t.co/i0OXW21YMz https://t.co/EJgm5ouJLY;21-Mar-2020 (07:26:27.000000)
Ora siamo chiamati tutti a dare il nostro contributo! Il mio messaggio alla Svizzera! Tutta la lettera: https://t.co/FG6J5eF6sV https://t.co/ps7UAgBdSO;21-Mar-2020 (07:25:22.000000)
Eine positive Nachricht in diesen Tagen: Brüssel gibt unser Schutzmaterial frei. Somit können Atemschutzmasken, Untersuchungshandschuhe und Schutzbrillen in die Schweiz geliefert werden. Danke für die Kooperation @vonderleyen @PhilHoganEU #CoronaInfoCH//https://t.co/PzVGBR0cnb;20-Mar-2020 (08:12:41.000000)
Ora abbiamo bisogno del sostegno di tutti, giovani e anziani. Dobbiamo fare in modo che gli ospedali possano continuare a curare i malati gravi e i feriti. Rispettate rigorosamente le misure e le raccomandazioni del Consiglio federale. Grazie di cuore. https://t.co/QLFtiOS0PC https://t.co/pwfnnQOFx4;16-Mar-2020 (19:11:26.000000)
Nous comptons maintenant sur le soutien de toute la population. Pour que les hôpitaux puissent soigner les personnes gravement malades et blessées. De tout cœur, je tiens à remercier celles et ceux qui appliquent les mesures et les recommandations du Conseil fédéral.#CoronaInfoCH https://t.co/Pt6RoMzUKM;16-Mar-2020 (19:11:14.000000)
Wir brauchen jetzt die ganze Bevölkerung, Jung und Alt. Damit es in den Spitälern weiterhin genug Platz hat um Schwerkranke und Verletzte zu pflegen. Ich danke allen von ganzem Herzen, die die Massnahmen und Empfehlungen des Bundesrates strikt umsetzen. https://t.co/pVHShgUgj4 https://t.co/0JLb2ezA58;16-Mar-2020 (19:10:56.000000)
Der Bundesrat will die Menschen schützen und die Unternehmen unterstützen: Wir haben die Möglichkeiten und die Mittel, gemeinsam die Corona-Krise zu bewältigen. #CoronaInfoCH https://t.co/IENCl0cKML https://t.co/pThem1pwru;13-Mar-2020 (17:20:11.000000)
84% unsere Städte und Gemeinden werden heute von Männern geführt. Wie sähe es aus, wenn es andersherum wäre? Das wollte ich von vier Gemeindepräsidentinnen wissen. Ihre Antworten sind so unterschiedlich wie es unser Land ist. #Weltfrauentag #internationalwomensday https://t.co/DootsTNZ7L;08-Mar-2020 (08:58:11.000000)
Ein grosses Merci dem Gesundheitspersonal, welches sich Tag für Tag um uns kümmert. 🧡 Un sentito ringraziamento a tutto il personale medico che si occupa della nostra salute giorno dopo giorno. 💛 Un grand merci au personnel de santé, qui prend soin de nous au quotidien. 💗;02-Mar-2020 (18:05:04.000000)
Die #Menschenrechte respektieren, schützen und umsetzen: Das ist Aufgabe jedes Staates. Daran werden wir unermüdlich erinnern. @mbachelet @UNHumanRights https://t.co/UypQWFihQi https://t.co/9ysN2c095m;02-Mar-2020 (16:32:40.000000)
#TagderKranken: Ich möchte an alle denken, die schon lang krank sind. Das sind fast zwei Millionen Menschen in unserem Land. https://t.co/MmRhokAWPG https://t.co/5gRkQfWSUX;01-Mar-2020 (09:45:39.000000)
https://t.co/anTRqMskIL////Die Kunst verbindet Menschen, Länder und Kontinente.;29-Feb-2020 (08:54:45.000000)
#Goldvreneli und #Schoggitaler: Beides gäbe es kaum ohne Rohstoffe, wie wir sie aus Ghana importieren. Der rege Austausch soll darum in beiden Ländern der gesamten Bevölkerung dienen.//https://t.co/haRyPms9rz;28-Feb-2020 (17:25:45.000000)
Herzlich willkommen @NAkufoAddo! Ich freue mich auf den Präsidenten von #Ghana. Es ist der erste Staatsbesuch bei uns, seit #Ghana 1957 die Unabhängigkeit erlangt hat.//https://t.co/UmLS8EaD9G;28-Feb-2020 (12:04:40.000000)
Wir verfolgen die Entwicklung sehr genau. Der Schutz der Bevölkerung hat für den Bundesrat erste Priorität. #coronavirus #COVID19 https://t.co/gXhJrZxLuu;27-Feb-2020 (15:03:58.000000)
Hier schmelzen die Gletscher, im pazifischen Ozean steigt der Meeresspiegel und bedroht die Insel Nauru. Für Präsident Aingimea hat der Klimaschutz daher Priorität. Über den #GreenClimateFund und die Asian Development Bank unterstützt die Schweiz Nauru: https://t.co/xPw605hhzG https://t.co/gnpItHFieR;26-Feb-2020 (15:55:12.000000)
Ich bin bestürzt über den Anschlag im deutschen #Hanau. Rassismus ist in jeder Form zu verurteilen. Wir dürfen nicht wegschauen.;21-Feb-2020 (10:31:57.000000)
Ich freue mich auf Ihre Anmeldung für meine Geburtstagsfeier: https://t.co/osDtWgsAcd////Sarò lieta di ricevere la Sua iscrizione per la mia festa di compleanno: https://t.co/Lx6nq4X6LD////Je me réjouis de votre inscription à ma fête d'anniversaire:   https://t.co/JCDPeHk6A2 https://t.co/jzs2oOiBu3;20-Feb-2020 (09:36:10.000000)
Merci pour cet échange ! Vos expériences avec le changement climatique sont impressionnantes. Vous voulez contribuer à trouver des solutions. Cela m’encourage et me donne confiance !//https://t.co/VSe0UQNl48;17-Feb-2020 (16:05:27.000000)
La Suisse est novatrice depuis des générations. Notre esprit d'innovation transforme la lutte contre le #ChangementClimatique en une aubaine pour notre économie et la recherche.//#cleantech #technologiespropres////https://t.co/Xni8YDp49P;14-Feb-2020 (08:54:37.000000)
Soirée genevoise, invitée de @RTSinfrarouge.  L’occasion de faire le point sur l’importance de la voie bilatérale avec l’UE et la nécessité de prendre des mesures pour le climat. https://t.co/ke6KdHOhV4;12-Feb-2020 (21:07:24.000000)
The 🇺🇸 decision to re-authorise the use of anti-personnel mines is a source of concern. It weakens the regulatory framework banning such weapons and runs counter to international efforts to achieve a #MineFreeWorld. We call upon all States to join the #MineBanTreaty. https://t.co/Dp3BJhq0R1;07-Feb-2020 (16:24:53.000000)
Tate Modern, @britishlibrary, @RoyalAlbertHall: Mein Mann, Lukas Hartmann, kann im nächsten halben Jahr dank einem Atelier-Aufenthalt  Londons kulturelle Highlights kennenlernen.//Hauptsächlich recherchiert er für einen neuen Roman. https://t.co/Oe3tbjSQk9;07-Feb-2020 (15:28:18.000000)
Eine Frauenmehrheit in der neuen österreichischen Regierung: dazu kann ich Bundeskanzler @sebastiankurz nur gratulieren! https://t.co/LdKtknNdPb;30-Jan-2020 (16:14:22.000000)
Bundespräsident @vanderbellen und ich sind uns einig: Bündeln wir die Kräfte - beim #Klimaschutz, bei der #Artenvielfalt und beim #Schienenverkehr! https://t.co/OQi0CIktfv;30-Jan-2020 (12:34:24.000000)
Spannender Einblick in die anspruchsvolle Arbeit von @OSCE Generalsekretär @gremingerosce heute in Wien. Schweiz kann eine wichtige Rolle spielen bei der Friedensförderung. @EDA_DFAE @SwitzerlandOSCE  //https://t.co/JcfIcT783j https://t.co/zxdk9yRfFk;30-Jan-2020 (09:23:58.000000)
Guten Morgen, Wien! Gut gestärkt freue ich mich auf die heutigen Gespräche mit Bundespräsident @vanderbellen und Bundeskanzler @sebastiankurz. #Nightjet https://t.co/qU6NcIgrBT https://t.co/ZriDdyq4UJ;30-Jan-2020 (07:18:01.000000)
Auschwitz ist zum Symbol geworden für die Vernichtungspolitik der Nazis. Wir gedenken heute der Befreiung des KZ vor 75 Jahren. Die Erinnerung an diese unermesslich schreckliche Zeit zu bewahren, ist wichtig. #HolocaustMemorialDay #Auschwitz75 #niewieder https://t.co/t9eSaokYCA https://t.co/IlsBjrS5U9;27-Jan-2020 (12:57:59.000000)
Félicitations ! J’ai énormément de respect pour la passion, la persévérance et l’implication des jeunes lors de ces Jeux olympiques d’hiver. #Lausanne2020 #YouthOlympics//https://t.co/gAc36jsFOd https://t.co/xKtstHh76I https://t.co/uL1jycWGvy;23-Jan-2020 (14:43:32.000000)
Ursula von der Leyen, Donald Trump, Pedro Sánchez und Volodymyr Zelensky. Die Treffen in Davos ermöglichten es, wichtige Themen zu besprechen: die Beziehungen zur EU und der European Green Deal, die Guten Dienste der Schweiz sowie Handel und Klimapolitik. #Davos2020 https://t.co/0uzrsWs7PI;23-Jan-2020 (10:13:59.000000)
Ein erster anregender Austausch mit dem ukrainischen Präsidenten Volodymyr Zelensky vor meinem Besuch in diesem Jahr. #Davos2020 #wef20 https://t.co/jnXuUDNi6j;22-Jan-2020 (17:05:55.000000)
His Royal Highness Prince Charles is extremely committed to species protection and climate protection, as is Switzerland. #Davos2020 @ClarenceHouse https://t.co/5S95q2Nz0Z;22-Jan-2020 (16:37:17.000000)
Der US-Präsident @realdonaldtrump lobte das Engagement der Schweiz: «We trust you a 100 %» https://t.co/SmLXMU8rIy;21-Jan-2020 (18:05:10.000000)
When the world is on fire, we cannot leave the work to firemen alone. Politicians and society have to take action. So, let’s make use of our time here together to engage in dialogue and to seek a balance that benefits all of us. https://t.co/8zeGtXVE7d #Davos2020 #WEF20 https://t.co/ShbnQkJ4NE;21-Jan-2020 (13:53:27.000000)
To bee or not to be 🐝 Die Botschaft der Bienen ist klar: Wenn wirtschaftliche Interessen über die Bedürfnisse der Natur gestellt werden, sind die Folgen für uns Menschen, aber auch für die Wirtschaft, dramatisch. https://t.co/4GZ1pP75jr #WEF20 #WEF2020 https://t.co/GTFuCMoFLr;21-Jan-2020 (10:59:02.000000)
Ein gutes Klima beim ersten Treffen mit @vonderleyen zu gemeinsamen Themen  - und ein Austausch über die beiderseitige Sorge über den #Klimawandel.//https://t.co/DygDnVDuky;20-Jan-2020 (19:04:53.000000)
Arbeiten auf dem Weg nach #Davos. //#WEF20 https://t.co/FDuuQeUnme;20-Jan-2020 (11:03:32.000000)
In einer Woche sind es 75 Jahre, seit das KZ Auschwitz befreit wurde. Es war mir darum ein Anliegen, Überlebende des Holocaust persönlich zu treffen. Ich bin tief berührt von dieser Begegnung. #Holocaust #Auschwitz https://t.co/s0orlVCizf https://t.co/jsEKPYuhom;19-Jan-2020 (15:05:41.000000)
Heute diskutiere ich mit Jugendlichen in der Arena über Klima, Altersvorsorge und Gleichstellung. Ich freue mich auf eine erfrischende Sendung – und ihre Fragen!//#srfarena #younews2020//https://t.co/kmMqHnakW6;17-Jan-2020 (08:39:37.000000)
Mit dem Ausbau der Wasserkraft haben wir etwas gewagt und viel gewonnen. Nun tun sich mit der Erneuerung der Energiewelt neue Chancen auf. Packen wir sie! Meine Rede vom #Stromkongress: //https://t.co/kad48xxz83 #stk2020 #Energiewende https://t.co/ghHmBcge4P;16-Jan-2020 (16:06:52.000000)
Grossartige Leistung von Daniel Yule! Gratuliere herzlich. Auch abseits der Piste hat er mich beeindruckt – mit seiner Forderung nach mehr Klimaschutz. Nachzulesen in der Ausgabe 2020 von «Der Bund kurz erklärt» ab dem 17. Februar.  #Adelboden #DanielYule https://t.co/2L1YDWxzLf;13-Jan-2020 (14:08:22.000000)
La Suisse le prouve – les jeux peuvent être beaux, durables et à taille humaine. #Lausanne2020  #YouthOlympics #YouthOlympics https://t.co/0qD0SrIkfc https://t.co/FKxtaOtDBE;10-Jan-2020 (16:32:44.000000)
Je suis fière des jeux #Lausanne2020 qui privilégient les transports publics, qui utilisent des infrastructures existantes et qui évitent le gigantisme. Les géants, ce sont les athlètes ! https://t.co/gAc36jsFOd #StartNow https://t.co/uNbKgUulra;09-Jan-2020 (20:43:43.000000)
Kultur ist ein wichtiger Wert. Sie kann erfreuen, provozieren. Kultur bewegt. Wie die Politik. Den Wert der Kultur zeige ich 2020 als Bundespräsidentin, mit der Musikserie: 12 Stücke für 12 Monate. Beginnend mit der Bieler Band Puts Marie: https://t.co/Wc42k5Z0f8 https://t.co/7xhX9ZQ5DR;06-Jan-2020 (11:27:12.000000)
La cultura è un valore importante. Può essere gioia o provocazione, ma non lascia mai indifferenti. Come la politica. Nel 2020, in qualità di Presidente, voglio illustrare tale valore con 12 brani per 12 mesi. Iniziamo con i «Puts Marie» di Bienne: https://t.co/KVD367qVts https://t.co/U3GaAD8Jnf;06-Jan-2020 (11:26:32.000000)
La culture est une valeur importante qui peut ravir et provoquer. La culture ça remue, comme la politique. En 2020, je souhaite illustrer cela en musique : 12 morceaux pour 12 mois. Pour commencer, le groupe biennois Puts Marie: https://t.co/lkvjg3Qomx https://t.co/UYKPT8JIOQ;06-Jan-2020 (11:25:25.000000)
In meinem Präsidialjahr treffe ich Menschen mit unterschiedlichen Wünschen, Erwartungen, Hoffnungen. Hier räume ich Persönlichkeiten Platz ein, die sonst nicht so im Fokus sind.//52 Wochen, 52 Begegnungen//52 semaines, 52 rencontres//52 settimane, 52 incontri//https://t.co/1OTTn6o2JM https://t.co/3J8TxcfLU1;01-Jan-2020 (13:05:49.000000)
Più veloce, più alto, più forte… Ormai non ci accontentiamo più del «buono». Ma non dimentichiamo la cosa più importante: il benessere di tutti. E questo è possibile solo con l’impegno comune. Spero perciò che insieme ci adopereremo per un «buon» 2020.////https://t.co/dmj5DHKMXy;01-Jan-2020 (11:27:58.000000)
Plus vite, plus haut, plus fort… Pour beaucoup de monde, il ne suffit plus d’être bon. Mais il ne faut pas oublier l'essentiel: le bien-être pour tous! Nous devons nous montrer solidaires. J'espère qu'ensemble, nous ferons de 2020 une bonne année.////https://t.co/MokLejtXb2;01-Jan-2020 (11:26:55.000000)
Höher, schneller, weiter… Gut genügt für viele heute nicht mehr. Dabei darf das Wichtigste nicht vergessen werden: Es muss allen gut gehen. Das erreichen wir nur zusammen. Ich wünsche mir, dass wir miteinander für ein gutes 2020 sorgen.////https://t.co/6DteQPONYE;01-Jan-2020 (11:25:27.000000)
Un anno buono è come il pane buono: sano e croccante. Un’anteprima dell’allocuzione di Capodanno 🙂 https://t.co/ClRvIXqWZh;01-Jan-2020 (09:47:22.000000)
Une bonne année c’est comme un bon pain, sain et croustillant. Un avant-goût de l’allocution de Nouvel An 🙂 https://t.co/kB0Oobucat;01-Jan-2020 (09:44:01.000000)
Ein gutes Jahr ist wie ein gutes Brot. Gesund und knusprig. Ein Vorgeschmack auf die Neujahrsansprache 🙂 https://t.co/UQdo0JMGGc;01-Jan-2020 (09:37:58.000000)
Il Consiglio federale – un ensemble. L’interazione politica collegiale di oggi crea le soluzioni per il domani.////https://t.co/ZQIlvQKzEk;31-Dec-2019 (11:30:01.000000)
Le Conseil fédéral - un septuor bien accordé. L’esprit de collégialité favorise l’émergence des solutions politiques de demain.////https://t.co/G4PHmVUGzq;31-Dec-2019 (11:28:56.000000)
Der Bundesrat – ein Ensemble. Im konstruktiven politischen Zusammenspiel entstehen heute Lösungen für morgen.////https://t.co/clQkWFw2Zx;31-Dec-2019 (11:28:10.000000)
Allen viel «Pfuus» im 2020!//A toutes et à tous, je souhaite plein d'énergie pour 2020!//Per un 2020 pieno di «energia»! https://t.co/Ur3Jrmoh8y;30-Dec-2019 (15:31:27.000000)
Die besinnlichen Tage sind oft stressig… umso mehr wünsche ich allen erholsame Festtage. Bonnes Fêtes!;24-Dec-2019 (12:55:19.000000)
"Hans und ich im Glück ;) Merci #Biel, merci #Bern! https://t.co/PCQz3MjsO5";20-Dec-2019 (15:53:26.000000)
Historisch: Am 20. Dezember wird das AKW #Mühleberg abgeschaltet. Die Zukunft gehört der einheimischen, sauberen Energie aus Wasser und Sonne. #Energiewende https://t.co/Br5m92m24l;19-Dec-2019 (08:27:25.000000)
Ich bin enttäuscht von den Ergebnissen der Weltklimakonferenz. Wir haben uns für klare Marktregeln eingesetzt, die auch wirklich greifen. Die Schweiz ist jetzt umso mehr gefordert, mit starken Klimaschutzmassnahmen im Inland voranzugehen. #COP25//https://t.co/ZTCx8wHoOF;15-Dec-2019 (13:05:21.000000)
Endspurt von unserer Delegation an der Klimakonferenz in Madrid. Wertvolle Einblicke von allen, darunter auch von der jungen Klimadelegierten @MarieClaireGraf, die sich im Video zur #COP25 äussert. https://t.co/JSFMvvmjKM;13-Dec-2019 (18:17:00.000000)
Wir müssen verhindern, dass weitere Zeitungen verschwinden. Regionen dürfen nicht zum medialen Niemandsland werden.//https://t.co/fSi4vA89iX;13-Dec-2019 (10:42:14.000000)
Le Léman Express est une nouvelle vision du développement des villes. https://t.co/utBzPvRF15  @FJournes #LémanExpress #PlusQueDesVoisins https://t.co/zmLuph9DBP;12-Dec-2019 (15:37:45.000000)
"""Aufbruchstimmung liegt in der Luft. Noch nie war die Bevölkerung im Parlament so breit abgebildet: viele Mütter, viele Frauen, junge Menschen. Das wird die Politik und damit das Leben der Menschen in unserem Land verändern."" Meine Rede zur BP-Wahl: https://t.co/sz48vi4XVH https://t.co/fx2j01250z";11-Dec-2019 (10:59:30.000000)
Zweites Skype-Gespräch mit Umweltbotschafter Franz Perrez. Es geht in Schlussphase der Weltklimakonferenz #Cop25. Die Verhandlungen sind hart, aber die CH bleibt dran. Nächste Schaltung am Freitag. https://t.co/AjbQshDfRL https://t.co/Eiwnfw5QNU;10-Dec-2019 (15:17:30.000000)
Hallo Schweiz, in Madrid ist der Gipfel los! Umweltbotschafter Franz Perrez vom @bafuCH in der Skype-Konferenz.  Zusammen mit den Gymnasiastinnen von Hofwil konnten wir gestern live an der #Cop25 dabei sein.  #Klimaschutz https://t.co/5g6Jk2Bk43;06-Dec-2019 (13:57:35.000000)
Unsere Anstrengungen zum Schutz der Umwelt greifen. Es gibt aber noch viel zu tun, zum Beispiel bei der Artenvielfalt. Tragen wir Sorge dazu! #Biodiversität #Umweltschutz #Soer2020//https://t.co/KCqXf8ZzkV;04-Dec-2019 (16:37:19.000000)
Ich teile den Appell von @antonioguterres : Die bisherigen Bemühungen für den Klimaschutz reichen nicht. Die🇨🇭 engagiert sich für griffige Regeln. Session und Wahl des Bundesrates lassen meine Teilnahme an #COP25 nicht zu. Ich unterstütze unsere Delegation via Skype-Schaltungen. https://t.co/bPjhsfKfqV;02-Dec-2019 (14:38:57.000000)
Wir haben jetzt die Gelegenheit, die Energiepolitik zu machen, die wir seit Langem fordern: Sonne statt Öl, Wasser statt AKW. #spdv https://t.co/nIWYhKL0VQ;30-Nov-2019 (13:49:09.000000)
Als ehemalige Betreuerin in einem Frauenhaus weiss ich wie traumatisch Gewalt sein kann. Der internationale Tag zur Beseitigung von Gewalt gegen Frauen liegt mir deshalb am Herzen! Nein zu #GewaltgegenFrauen ! #Orangetheworld;25-Nov-2019 (11:03:37.000000)
Es gibt 1001 Arten, um jenen zu helfen, die nicht im Märchenland leben. Schweizer Kinder denken an andere Kinder und helfen. Herzlichen Dank! @SWISSAID #swisskids//https://t.co/3ukFlVTVqb;21-Nov-2019 (13:18:39.000000)
Gegen Hitze und Luftverschmutzung kann man kein Medikament schlucken. Aber weitsichtige Politik kann den durch den Klimawandel verursachten Temperaturanstieg mildern. Das ist elementar, auch für unsere Gesundheit. //https://t.co/D5mYMtTiqE;19-Nov-2019 (14:43:16.000000)
Güter gehören auf die Bahn! Das vom Bundesrat beschlossene Verlagerungspaket dient der Bevölkerung, der Umwelt – und den Transporteuren. //https://t.co/DvEneJKtF8;13-Nov-2019 (14:42:19.000000)
Der Wunsch nach Freiheit, Glück und Wohlstand lässt sich nicht durch eine Mauer aufhalten. #mauerfall30 https://t.co/1p16WL17qU;09-Nov-2019 (07:07:19.000000)
Umweltbewusste Produkte im Laden und Solar auf dem Dach: Grossverteiler haben punkto #Klimaschutz enormes Potential. https://t.co/xIzRW2cLbj;07-Nov-2019 (18:29:32.000000)
Bund und Kantone, Bäuerinnen, Umweltverbände: Wir alle in Stadt und Land müssen mehr tun für die Artenvielfalt! Möge die Tagung des BAFU zum Aktionsplan Biodiversität Früchte tragen!//https://t.co/yybJLYobjF;07-Nov-2019 (13:03:33.000000)
Die Fläche wertvoller Naturräume wächst. Es braucht hier und in anderen Bereichen aber noch weitere Anstrengungen, damit wir die Ziele der UNO Agenda 2030 erreichen. #Agenda2030 #SDGs//https://t.co/nFuD2Eierk;05-Nov-2019 (14:51:31.000000)
Ich bringe mich an der #COP25 mit voller Kraft ein – via Skype-Schaltungen zur Schweizer Delegation. Die Wahl des Gesamtbundesrats erfordert meine Anwesenheit in Bern.//https://t.co/23rIVZKr9v;30-Oct-2019 (10:51:03.000000)
Der Bericht zum #Hitzesommer2018 zeigt: Massnahmen zur Anpassung an den Klimawandel wirken. Gleichzeitig müssen wir alles tun, um den Klimawandel zu begrenzen. #Klimaschutz jetzt – mit mehr erneuerbaren Energien und klimafreundlichen Finanzflüssen!//https://t.co/0oIluvLtAp;24-Oct-2019 (11:09:59.000000)
Thank you India! //Video: https://t.co/5L04Q25Uyq //Dossier: https://t.co/KmhZKSpLSN;22-Oct-2019 (12:47:09.000000)
Jetzt wird es konkret: Wir haben heute in Delhi die Arbeiten für eine engere Zusammenarbeit im Bahnbereich lanciert! ////https://t.co/715Yk4TpSg;21-Oct-2019 (10:36:17.000000)
Moderne Technologien erleichtern die Arbeit: Dank geodatenbasierten Daten und Karten können Reisbauern auf Dürre und Regen rasch reagieren.//https://t.co/P0wwPptUXN//Dossier UVEK: https://t.co/0SmC51PYDu https://t.co/YidjB7oWpz;19-Oct-2019 (11:56:25.000000)
Singanallur Lake plays a key role in Coimbatore’s water supply. Great cooperation between Indian experts and their Swiss partners.//Dossier DETEC: https://t.co/sx1Fm1LiGt https://t.co/4i3v4kJsDe;19-Oct-2019 (07:46:45.000000)
#Bangalore Airport uses solar power. The airport should be supplied entirely with solar power by 2020!//Dossier DETEC: https://t.co/anzZRa4Xnl https://t.co/eEVV9XXkmK;18-Oct-2019 (15:35:46.000000)
ಹಲೋ ಇಂಡಿಯಾ//ஹலோ இந்தியா//नमस्ते भारत//We can do a great deal for the climate with intelligent urban and transport policy. 🇨🇭 would like to work more closely with 🇮🇳. //Dossier DETEC: https://t.co/cDraEKpbim//Swiss-Indian relations: https://t.co/HmWyanl7DV;18-Oct-2019 (10:27:24.000000)
Premier prix dès la première participation ! Un très bel exemple de combinaison entre biodiversité, espace de détente et culture. Merci à tous les participants.//https://t.co/AFjQiPyHZ1;16-Oct-2019 (12:46:56.000000)
Danke BAV, SBB, BLS und bfu – der Sicherheitsfilm ist lehrreich und macht auch noch Spass! https://t.co/AJdOW3yBxG;15-Oct-2019 (16:19:59.000000)
Eine griffige #Klimapolitik ist der beste Schutz für unsere Infrastruktur. #Infrastrukturtag //https://t.co/ntdM3cy7z8;10-Oct-2019 (13:09:39.000000)
Transition énergétique : la technologie est à disposition. La mise en œuvre soutenue par le travail de la HES-Sion. @hessovalais https://t.co/nu5Jaq7zKB;07-Oct-2019 (14:25:00.000000)
Le #climat inquiète les jeunes. Discussion engagée avec les élèves du collège de la Planta à Sion. https://t.co/fxFAF5otce;07-Oct-2019 (10:26:56.000000)
Gemeinsam unterwegs fürs Klima https://t.co/tdeQCiZML0;28-Sep-2019 (14:31:51.000000)
In unterschiedlichen Rollen für die gleiche Sache: Herzlichen Dank für euren Einsatz in der SP-Fraktion. @berberatdidier @PascaleBruderer A. Fetz C. Hêche @ClaudeJaniak @margretkiener @MaireJack @votrevoix @SchenkerSilvia S. Semadeni @ManuelTornare G. Savary @beaheim @spschweiz https://t.co/RKp8cnYNOV;27-Sep-2019 (15:37:10.000000)
Wir brauchen mehr sauberen Strom aus der Schweiz. Mit dem heutigen Entscheid tun wir etwas fürs Klima und für unsere Versorgungssicherheit!//https://t.co/0HFLSgE7Jl;27-Sep-2019 (14:50:54.000000)
Freue mich, dass das neue Urheberrecht am Ziel ist. Es war ein langer Weg von der Arbeitsgruppe zum Urheberrecht (AGUR12) bis zur Schlussabstimmung.//#urgrevision2019 #Konsumentenschutz #Suisa #Suisseculture @Verlegerverband @CulturaCH @frc_CH @KonsumSchutz;27-Sep-2019 (14:15:47.000000)
Bei meiner Arbeit kommt #deutsch am häufigsten vor. Aujourd’hui, nous renversons la tendance. Allora lanciamoci e parliamo le #français, l’#italiano ed il #rumantsch!//#GiornatadelPlurilinguismo #JournéeduPlurilinguisme #TagderMehrsprachigkeit #GiornataEuropeadelleLingue;26-Sep-2019 (16:54:54.000000)
Ich will den öffentlichen Verkehr stärken – in Stadt und Land! //https://t.co/AOvpZvbJKx;26-Sep-2019 (13:56:18.000000)
Stromtanken mit dem Tesla wird noch einfacher 😊 - dank der Übersicht auf der Seite https://t.co/JsgfLbcu5P  //@BFEenergeia;26-Sep-2019 (09:15:05.000000)
Der Ständerat hat den Ernst der Lage erkannt und ein griffiges CO2-Gesetz verabschiedet. Das ist erfreulich. Nun muss es aber vorwärts gehen, denn je länger wir beim #Klimaschutz warten, desto teurer wird es.;25-Sep-2019 (18:30:08.000000)
Der Bericht des Weltklimarats zeigt, dass Gletscher auf der ganzen Welt auf dem Rückzug sind. Die Schweiz als Alpenland ist davon besonders betroffen. Begrenzen wir den #Klimawandel – investieren wir mehr in CO2-freie Energien. @IPCC_CH https://t.co/nsVH5o4XLM;25-Sep-2019 (16:28:09.000000)
Als Infrastruktur-Ministerinnen in der Schweiz und Slowenien sind wir besonders gefordert: Die Alpen zwingen uns zu kreativen Lösungen in der Verkehrsplanung. Und die schmelzenden Gletscher zu raschem Handeln in der Klima- und Energiepolitik. https://t.co/Ys7LDPatSJ https://t.co/ezh1f04Msi;25-Sep-2019 (14:45:37.000000)
Spätschicht: die Revision des CO2-Gesetzes duldet keinen Aufschub. Danke allen für ihren Einsatz. #Klimaschutz https://t.co/WIiA7NI0gp;23-Sep-2019 (19:30:11.000000)
Mein Zvieri: Aus der Region und bio, logisch. Mmh...merci liebe Bäuerinnen und Produzenten! #Sichlete https://t.co/9HMLTTBhda;16-Sep-2019 (15:10:20.000000)
Heute haben mich Kinder der Schule Neuhaus Ochlenberg und Oschwand besucht. Sie haben mich reich beschenkt – mit fröhlichem Gesang und bunten Zeichnungen zum Thema Klimawandel. Eindrücklich, was sie mir über unsere Umwelt berichtet haben. https://t.co/j3Z2k3eray;16-Sep-2019 (12:05:04.000000)
Tropenwälder speichern viel #CO2 und die Pflanzen des Waldes sind die Grundlage vieler Medikamente. Seit 30 Jahren erinnert uns der Tag der Tropenwälder daran.//#TagDerTropenwälder #tropenwald #klimaschutz https://t.co/3fCQL3WzFP;14-Sep-2019 (10:05:54.000000)
Travail.Suisse übernimmt ähnliche Aufgaben, wie sie auch Eltern übernehmen. Sie kümmern sich - und zwar auch um jene Menschen, deren Stimmen allzu oft untergehen. #Gewerkschaft//Kongress @TravailsuisseCH https://t.co/FrcvsxZG0X https://t.co/OYK3obYTG8;14-Sep-2019 (09:53:01.000000)
Wichtige Tage für den #Klimaschutz: Ab dem 21. September diskutieren am UNO-Klimagipfel in New York Menschen aus der ganzen Welt über den #Klimawandel. Ich werde mich gleichzeitig im Ständerat für das Klima engagieren - und freue mich auf die Debatte zum revidierten CO2-Gesetz!;13-Sep-2019 (12:08:18.000000)
Entretiens passionnants avec @ClaudeTurmes ministre de l’énergie et de l’aménagement du territoire. Les mêmes défis se posent à la Suisse et au Luxembourg en matière d’aménagement du territoire et de mobilité : nous pouvons partager nos expériences. https://t.co/WWYGeMklja https://t.co/AaSER5z6PV;12-Sep-2019 (14:13:58.000000)
Ich freue mich auf spannende Diskussionen an der Infrastrukturtagung.////https://t.co/GpUUMp80FI;11-Sep-2019 (07:59:36.000000)
Was passiert mit dem Aletschgletscher bei einer Klimaerwärmung von 2 Grad?  // //Virtuelle Fahrt über schmelzenden Gletscher ab dem 10. September im World Nature Forum in Naters  //https://t.co/e8dzzLO99a////#klima #klimawandel https://t.co/RXnpueYIiv;10-Sep-2019 (13:49:16.000000)
Wir wollen künftig sowohl im Norden als auch im Süden des Gotthards Lastwagen streng kontrollieren. Damit vermeiden wir Unfälle, stärken unsere Verlagerungspolitik und schützen die Umwelt!//10-Jahr-Jubiläum des Schwerverkehrszentrums Ripshausen: https://t.co/675BrdtI07 https://t.co/JKUt5m7Gmq;06-Sep-2019 (14:09:10.000000)
Le tunnel de base du Saint-Gothard le prouve: nous avons une longue expérience des grands projets de transport. Je suis ravie de pouvoir intensifier les échanges le Maroc!//https://t.co/wxi2J48GLL;06-Sep-2019 (09:11:47.000000)
Der Gotthard-Basistunnel zeigt: Wir haben viel Erfahrung mit grossen Verkehrsprojekten. Ich freue mich, dass wir mit Marokko den Austausch dazu vertiefen können!//https://t.co/YrxOnpoo8H;06-Sep-2019 (09:10:55.000000)
Im Verkehrsbereich haben wir die grössten Probleme beim Pendlerverkehr in den Städten und Agglomerationen. Damit die Bevölkerung vorwärts kommt, braucht es eine kluge Kombination von privatem und öffentlichem Verkehr.//@staedteverband https://t.co/6FgwvJAL0b https://t.co/VCwyyagTaF;05-Sep-2019 (10:30:03.000000)
Die Digitalisierung wirft eine ganz grundsätzliche Frage auf: Wer macht die Regeln? Für mich ist klar: Wir können nicht einfach zuschauen, wie grosse Konzerne uns die Spielregeln diktieren. //@digitaldialogCH #digitalCH19//Rede: https://t.co/qcAa4k4DlY https://t.co/ZzRsuW6X3K;02-Sep-2019 (12:59:50.000000)
Nicht nur Lärm, auch Licht belastet Mensch und Tier. Der #Gantrisch zeigt, dass es auch anders geht. @bafuCH #KleineWeltwunder #Swissparks https://t.co/f4SC5rAKn8 https://t.co/pUOV0T4Ivy;29-Aug-2019 (20:30:11.000000)
Per realizzare Alptransit fino a 2500 operai hanno lavorato duramente. Una vera opera pionieristica! Grazie a tutti coloro che hanno contribuito a questo progetto del secolo. #Alptransit #Ceneri https://t.co/4HU6hws5K8 https://t.co/Hhxiy1c9Eh;29-Aug-2019 (10:43:15.000000)
Massnahmepaket zur Förderung der Medien://https://t.co/q9OrmKkmRT https://t.co/BnYco3zIG3;28-Aug-2019 (14:06:41.000000)
Es freut mich, passt der Bund seine Klimaziele an. Die klimaneutrale Schweiz ist kein einfaches aber ein notwendiges Ziel. #Klimaziel2050 https://t.co/2CnK9sBqb2//https://t.co/5MfqfA3mK1;28-Aug-2019 (13:26:41.000000)
Erdöl hat den Fortschritt der letzten Jahrzehnte geschmiert, gleichzeitig aber auch immer wieder für Spannungen oder sogar Kriege gesorgt. Ich bin der festen Überzeugung, dass erneuerbare Energien das Potential haben diese Konflikte zu vermeiden. //https://t.co/CHGglAR38M;27-Aug-2019 (17:16:54.000000)
Wir müssen die bestehende Infrastruktur besser nutzen: das heisst konkret: die verschiedenen Verkehrsträger geschickt kombinieren. Auto, Roller und Velo sind sehr flexibel – der öV ist unschlagbar effizient. https://t.co/l1OTsGcIaf #AREmobil2019 https://t.co/wHrLqWgtzm;26-Aug-2019 (09:37:15.000000)
Ich bin entsetzt über die Bilder des brennenden Regenwaldes im #Amazonas. Der Amazonas ist für das globale Klima ebenso wie für die #Biodiversität von herausragender Bedeutung. Wir müssen das Menschenmögliche tun, um den Amazonas zu retten. https://t.co/JT1tY2IDQG;25-Aug-2019 (07:36:08.000000)
La Suisse dispose d’une longue tradition humanitaire. Merci à celles et ceux qui s’engagent au nom de la Suisse pour un monde meilleur. https://t.co/IC0Oq0uDVc;19-Aug-2019 (12:00:43.000000)
Via le magnifique parc régional de Gruyère Pays-d'Enhaut jusqu'à la ville de Gruyères. Voici une courte vidéo de ma journée du 1er août. #gruyères #nature //https://t.co/C7aZa9Z0dF;02-Aug-2019 (14:10:07.000000)
Aujourd'hui nous ressentons particulièrement ce que nous sommes : une grande communauté qui accueille des gens de partout.  #1août #1August  https://t.co/VPPVILWSbL https://t.co/tFoKtL8k5n;01-Aug-2019 (19:10:07.000000)
La beauté de la Suisse me surprend encore et encore !  #PaysdEnhaut  https://t.co/oip03Mfr36 https://t.co/yYA6gJc2av;01-Aug-2019 (15:01:00.000000)
In 7 Monaten hat die Welt mehr Ressourcen verbraucht, als die Natur in einem Jahr erneuern kann. Wenn weltweit alle so leben würden wie wir, sogar bereits nach 4 Monaten. Wir können das besser: Lasst uns anpacken für die Schweiz und Welt von morgen! https://t.co/xcLGxmx67h https://t.co/nUbSFG7i1B;29-Jul-2019 (10:31:08.000000)
Avec la mort de Béji Caïd Essebsi, la Tunisie perd son premier président élu démocratiquement. La Tunisie est un partenaire important pour la Suisse. Nous allons continuer à apporter notre plein soutien à cette jeune démocratie. https://t.co/s3IvNsGxXS;27-Jul-2019 (15:14:10.000000)
Immer mehr Städte, wie z.B. Sitten https://t.co/O87SBgGhfG oder Zürich, bekämpfen die #Hitze mit 🌿 und 🌳//@tagesanzeiger   //https://t.co/dSeSjF8QFm;24-Jul-2019 (09:40:36.000000)
Un endroit - étonnant et inspirant -  pour l‘écriture et la littérature (Fondation @JanMichalski) à #Montricher https://t.co/dFXcRNbYlb;20-Jul-2019 (09:06:09.000000)
Coole Gipfelstürmerinnen: Frauen mit Energiepotenzial erfrischen Politik und Wirtschaft. Und das ist erst noch gut fürs Klima. #GSW2019//Rede: https://t.co/Lyomq5ItPk https://t.co/jNXIrusKp6;06-Jul-2019 (19:49:10.000000)
5 Jahre #Raumplanungsgesetz: Zu grosse Bauzonen verkleinern und dichter bauen bremst die #Zersiedelung. Zu meiner Freude sehe immer mehr kompakte, ökologische und lebenswerte Siedlungen. https://t.co/7A3qFQmudC https://t.co/8rvRP2gQEU;04-Jul-2019 (18:15:10.000000)
Erfreulich! Der Bund geht mit gutem Beispiel voran: Weniger Flüge und mehr Bahn - und Solarpanels auf den Gebäuden des Bundes. #energiestrategie2050////https://t.co/8zVxegK0pg;03-Jul-2019 (12:36:25.000000)
Dank euch kommen wir sicher an den Ferienort, ins Wanderparadies, ans Festival und wieder nach Hause: Ein grosses Merci den Mitarbeitenden im öffentlichen Verkehr! Sie arbeiten auch dann, wenn wir die Füsse hochlegen. #merci #grazie #danke https://t.co/TkqYU8uYr9;02-Jul-2019 (17:01:12.000000)
